"urls","mainCurrency","Price.USD","Per","Address","Construction.Type","New.Construction","Elevator","Floors.in.the.Building","The.House.Has","Parking","Floor.Area.sqm","Number.of.Rooms","Number.of.Bathrooms","Ceiling.Height","Floor","Balcony","Furniture","Renovation","Appliances","Window.Views"
"https://www.list.am/en/item/19896968","USD",202000,NA,"Nalbandyan street, Yerevan","Stone","No","Not available","5",NA,NA,70,"2","1","from 3.2 m",5,"Open balcony","Not available","No Renovation",NA,NA
"https://www.list.am/en/item/19950703","USD",135000,NA,"Amiryan street 12, Երևան","Panels","No","Available","10",NA,NA,39,"1","1","from 2.75 m",10,"Not available","Not available","Euro Renovation",NA,NA
"https://www.list.am/en/item/18968760","USD",170000,NA,"1-й переулок 9-й улицы, Ариндж","Monolith","Yes","Not available","4","Intercom entry, playground","Outdoor parking",77,"3","1","from 3 m",4,"Open balcony","Partial Furniture","Major Renovation","Stove, dishwasher","Yard view, street view, city view, park view"
"https://www.list.am/en/item/19330435","USD",93000,NA,"Griboyedov street 2, Yerevan","Panels","No","Available","9","Intercom entry",NA,43,"2","1","from 2.8 m",9,"Closed balcony","Available","Euro Renovation","Air conditioner, fridge, stove, washing machine","Yard view"
"https://www.list.am/en/item/14282074","USD",310000,NA,"SasnaTsrer street 2, Yerevan","Monolith","Yes","Available","16",NA,NA,111,"4","3+","from 3 m",16,"Multiple balconies","Available","Designer Renovation","Air conditioner, fridge, stove, dishwasher, washing machine, drying m","Yard view, street view, city view, park view, view of Ararat"
"https://www.list.am/en/item/18526159","USD",142000,NA,"Улица Микаэла Налбандяна 49, Ереван","Stone","No","Not available","3","Intercom entry, playground","Outdoor parking",56,"2","2","from 3.2 m",3,"Closed balcony","Not available","Old Renovation",NA,"Yard view"
"https://www.list.am/en/item/19850358","USD",91500,NA,"Mazmanyan Street 16, Yerevan","Stone","No","Not available","5",NA,NA,75,"3","1","from 2.75 m",5,"Open balcony","Partial Furniture","Cosmetic Renovation",NA,NA
"https://www.list.am/en/item/19946866","USD",169000,NA,"Gyulbenkyan street 24, Yerevan","Stone","No","Not available","5","Intercom entry, playground","Outdoor parking",80,"3","1","from 2.75 m",5,"Multiple balconies","Available","Major Renovation","Fridge, stove, washing machine","Yard view, street view"
"https://www.list.am/en/item/19720834","USD",80000,NA,"Բաշինջաղյան փողոց, Yerevan","Panels","No","Available","16","Intercom entry, concierge, playground","Outdoor parking",80,"3","1","from 2.75 m",16,"Multiple balconies","By agreement","Old Renovation",NA,"Yard view, city view, view of Ararat"
"https://www.list.am/en/item/19711208","USD",250000,NA,"Փարպեցու փողոց, Երևան","Stone","No","Not available","5","Intercom entry",NA,100,"2","1","from 2.8 m",5,"Open balcony","By agreement","Cosmetic Renovation",NA,"Yard view, street view, city view"
"https://www.list.am/en/item/19478477","USD",280000,NA,"Mesrop Mashtots Avenue, Yerevan","Stone","No","Not available","6","Intercom entry","Outdoor parking",135,"4","2","from 2.75 m",6,"Open balcony","Available","Major Renovation","Fridge, stove, washing machine","Street view, city view, view of Ararat"
"https://www.list.am/en/item/19897936","USD",210000,NA,"Zavaryan street, Yerevan","Panels","No","Available","10","Intercom entry","Outdoor parking",93,"3","1","from 2.8 m",10,"Open balcony","Available","Euro Renovation","Air conditioner, fridge, washing machine","Yard view, street view, city view"
"https://www.list.am/en/item/19371863","USD",178000,NA,"Պարոնյանի փողոց, Երևան","Stone","No","Not available","4","Intercom entry",NA,81,"3","1","from 2.8 m",4,"Multiple balconies","Available","Old Renovation","Fridge, stove, washing machine","Street view"
"https://www.list.am/en/item/19902373","USD",200000,NA,"Vardanants Street, Yerevan","Monolith","Yes","Available","12","Intercom entry","Outdoor parking",60,"3","1","from 3 m",12,"Open balcony","Available","Euro Renovation","Air conditioner, fridge, stove, washing machine","Yard view, street view, city view"
"https://www.list.am/en/item/19902591","USD",250000,NA,"Vardanants Street, Yerevan","Monolith","Yes","Available","14","Intercom entry","Outdoor parking",97,"4","2","from 3 m",14,"Open balcony","Available","Designer Renovation","Air conditioner, fridge, washing machine","Yard view, street view, city view"
"https://www.list.am/en/item/19817809","USD",300000,NA,"Mesrop Mashtots Avenue, Yerevan","Stone","No","Not available","5","Intercom entry","Outdoor parking",57,"2","1","from 3.2 m",5,"Not available","Available","Euro Renovation","Air conditioner, fridge, washing machine","Yard view, street view, city view"
"https://www.list.am/en/item/19405872","USD",200000,NA,"Աղբյուր Սերոբի փողոց, Երևան","Monolith","Yes","Available","11","Intercom entry, playground","Outdoor parking",85,"3","1","from 3 m",11,"Open balcony","Not available","No Renovation",NA,NA
"https://www.list.am/en/item/19770489","USD",360000,NA,"Nikoghayos Adonts Street, Yerevan","Monolith","Yes","Available","8","Intercom entry, concierge, playground","Outdoor parking",123,"4","3+","from 3 m",8,"Multiple balconies","Available","Designer Renovation","Air conditioner, fridge, washing machine","Yard view, street view, city view"
"https://www.list.am/en/item/19983091","USD",84000,NA,"Armen Gulakyan Street, Yerevan","Panels","Yes","Available","15","Intercom entry","Outdoor parking",54,"2","1","from 2.6 m",15,"Multiple balconies","By agreement","Designer Renovation","Air conditioner, fridge, stove, washing machine, drying machine","Yard view, street view, city view, park view, view of Ararat"
"https://www.list.am/en/item/19525281","USD",700000,NA,"Sarmen street, Yerevan","Monolith","Yes","Available","9",NA,NA,150,"4","2","from 3 m",9,"Open balcony","Available","Euro Renovation",NA,"Yard view, street view, city view, view of Ararat"
"https://www.list.am/en/item/19802782","USD",118000,NA,"Անաստաս Միկոյան փողոց, Երևան","Monolith","Yes","Available","15","Intercom entry","Outdoor parking",68,"2","1","from 3 m",15,"Open balcony","Not available","Euro Renovation",NA,"Yard view"
"https://www.list.am/en/item/16854853","USD",105000,NA,"Azatutyan Avenue, Yerevan","Panels","No","Available","9",NA,NA,80,"4","1","from 2.8 m",9,"Closed balcony","Available","Cosmetic Renovation",NA,NA
"https://www.list.am/en/item/19983082","USD",120000,NA,"Raffi street, Yerevan","Panels","No","Available","9",NA,NA,82,"4","1","from 2.75 m",9,"Open balcony","By agreement","No Renovation",NA,NA
"https://www.list.am/en/item/19983081","USD",167000,NA,"Orbeli Brothers street, Yerevan","Stone","No","Not available","5",NA,NA,65,"2","1","from 3 m",5,"Open balcony","Available","Major Renovation",NA,NA
"https://www.list.am/en/item/19613586",NA,NA,NA,"Yerevan › Kanaker-Zeytun",NA,NA,NA,NA,NA,NA,NA,NA,NA,NA,NA,NA,NA,NA,NA,NA
"https://www.list.am/en/item/19560712","USD",89000,NA,"Yerevan › Nor Nork","Panels","No","Not available","5",NA,NA,58,"2","1","from 2.7 m",5,"Closed balcony","Available","Major Renovation","Fridge, stove, washing machine","Yard view, street view"
"https://www.list.am/en/item/19937660","USD",95000,NA,"Gusan Sheram St 103, Yerevan","Panels","No","Available","9","Intercom entry","Outdoor parking",90,"4","1","from 2.75 m",9,"Multiple balconies","Not available","Cosmetic Renovation","Washing machine","Street view"
"https://www.list.am/en/item/19983075","USD",195000,NA,"David Anhaght street, Yerevan","Stone","No","Not available","4",NA,NA,76,"3","1","from 3 m",4,"Open balcony","Available","Major Renovation","Fridge, stove, dishwasher, washing machine",NA
"https://www.list.am/en/item/19983068","USD",125000,NA,"Մխիթար Հերացի փողոց, Yerevan","Stone","No","Available","7","Intercom entry","Outdoor parking",70,"3","1","from 2.75 m",7,"Open balcony","Partial Furniture","Cosmetic Renovation",NA,"Yard view"
"https://www.list.am/en/item/19561048","USD",105000,NA,"Komitas avenu, Երևան","Stone","No","Not available","4",NA,NA,62,"2","1","from 3 m",4,"Not available","Not available","No Renovation",NA,NA
"https://www.list.am/en/item/19240200","USD",35000,NA,"Yerevan › Shengavit","Stone","No","Not available","6","Playground","Outdoor parking",25,"1","1","from 2.8 m",6,"Not available","Not available","Cosmetic Renovation",NA,NA
"https://www.list.am/en/item/19012417",NA,NA,NA,"Ձախափնյակ թաղամաս 23, Ջերմուկ","Stone","No","Not available","5",NA,"Outdoor parking",70,"3","1","from 3 m",5,"Not available","Available","Old Renovation",NA,NA
"https://www.list.am/en/item/19518102",NA,NA,NA,"Manandyan street, Yerevan","Stone","No","Not available","4",NA,NA,68,"2","1","from 3.2 m",4,"Closed balcony","Partial Furniture","Major Renovation",NA,"Yard view, street view"
"https://www.list.am/en/item/19983037","USD",70000,NA,"Arabkir 19th Street, Yerevan","Stone","No","Available","13",NA,NA,30,"2","1","from 3 m",13,"Not available","Available","Euro Renovation",NA,NA
"https://www.list.am/en/item/18906595","USD",40000,NA,"Yerevan › Erebuni","Stone","No","Not available","5",NA,NA,72,"3","1","from 3.2 m",5,"Not available","Not available","No Renovation",NA,NA
"https://www.list.am/en/item/19983030","USD",169000,NA,"Barbyus Street, Yerevan","Stone","No","Available","5",NA,NA,80,"3","1","from 3 m",5,"Open balcony","Available","Euro Renovation",NA,NA
"https://www.list.am/en/item/18836580","USD",185000,NA,"Davtashen 4-th Block 27, Yerevan","Panels","No","Available","9","Intercom entry, playground","Garage",100,"3","1","from 3 m",9,"Closed balcony","Available","Euro Renovation","Air conditioner, fridge, stove, washing machine","Yard view, street view"
"https://www.list.am/en/item/19208555","USD",169500,NA,"Ղազար Փարպեցու փողոց, Երևան","Panels","No","Available","10","Intercom entry","Outdoor parking",63,"2","1","from 2.75 m",10,"Not available","By agreement","Partial Renovation",NA,"Yard view, park view"
"https://www.list.am/en/item/16469743","USD",98000,NA,"Արարատյան փողոց 66, Երևան","Panels","No","Not available","4","Playground",NA,102,"4","1","from 2.6 m",4,"Multiple balconies","By agreement","Euro Renovation",NA,"Yard view, street view"
"https://www.list.am/en/item/19983000",NA,NA,NA,"Komitas Avenue, Yerevan","Stone","No","Not available","5",NA,NA,50,"2","1","from 3 m",5,"Closed balcony","Available","Major Renovation","Air conditioner, fridge, stove, washing machine","Yard view"
"https://www.list.am/en/item/19278816","USD",65000,NA,"12-րդ փողոց 2, Մրգաշեն համայնք","Stone","No","Not available","3","Intercom entry","Outdoor parking",100,"4","2","from 2.7 m",3,"Closed balcony","Available","Major Renovation","Fridge, stove, washing machine, drying machine","Yard view, street view, city view, view of Ararat"
"https://www.list.am/en/item/19837339","USD",19000,NA,"Armavir › Lukashin","Stone","No","Not available","2",NA,NA,60,"3","1","from 2.8 m",2,"Closed balcony","By agreement","Old Renovation",NA,NA
"https://www.list.am/en/item/17025184","USD",122000,NA,"Ohanov street, Yerevan","Panels","No","Available","9",NA,NA,83,"4","1","from 2.7 m",9,"Open balcony","Available","Old Renovation",NA,NA
"https://www.list.am/en/item/19585495",NA,NA,NA,"Tavush › Dilijan",NA,NA,NA,NA,NA,NA,NA,NA,NA,NA,NA,NA,NA,NA,NA,NA
"https://www.list.am/en/item/19982987","USD",120000,NA,"Minsk Street, Yerevan","Monolith","Yes","Available","6",NA,NA,70,"3","1","from 3 m",6,"Open balcony","Available","Designer Renovation",NA,NA
"https://www.list.am/en/item/19982986","USD",310000,NA,"Ադոնցի փողոց, Երևան","Monolith","Yes","Available","8","Intercom entry, concierge, playground","Outdoor parking, covered parking",120,"4","2","from 3 m",8,"Open balcony","Available","Designer Renovation","Air conditioner, fridge, stove, dishwasher, washing machine, drying m","Yard view, street view, park view"
"https://www.list.am/en/item/17164821","USD",235000,NA,"Ler Kamsari Street, Yerevan","Monolith","Yes","Available","13",NA,NA,110,"3","2","from 3 m",13,"Not available","Available","Designer Renovation","Air conditioner, washing machine","Yard view"
"https://www.list.am/en/item/17854307","USD",86000,NA,"Trdat Architector street 20, Gyumri","Monolith","No","Not available","4",NA,NA,120,"4","1","from 2.8 m",4,"Multiple balconies","Available","Major Renovation",NA,NA
"https://www.list.am/en/item/19982976","USD",205000,NA,"Nikoghayos Adonts Street, Yerevan","Monolith","Yes","Available","8",NA,NA,75,"3","2","from 3 m",8,"Open balcony","Available","Major Renovation",NA,NA
"https://www.list.am/en/item/17056925","USD",170000,NA,"Melqonyan street, Yerevan","Monolith","Yes","Available","15",NA,NA,99,"3","2","from 2.8 m",15,"Open balcony","Not available","No Renovation",NA,NA
"https://www.list.am/en/item/19982969","USD",85000,NA,"Աքսել Բակունցի 2-րդ նրբանցք 6, Երևան","Panels","No","Not available","5",NA,"Garage",50,"3","1","from 2.75 m",5,"Closed balcony","Partial Furniture","Partial Renovation",NA,"Yard view, street view, park view, view of Ararat"
"https://www.list.am/en/item/19586981","USD",21500,NA,"Shirak › Artik","Stone","No","Not available","4",NA,NA,80,"3","1","from 2.75 m",4,"Multiple balconies","Partial Furniture","Cosmetic Renovation","Stove","Yard view, street view"
"https://www.list.am/en/item/19594465","USD",217000,NA,"Улица Павстоса Бузанда 39, Ереван","Stone","No","Not available","4",NA,"Outdoor parking",73,"3","1","from 2.7 m",4,"Open balcony","Not available","Cosmetic Renovation",NA,NA
"https://www.list.am/en/item/19963835","AMD",24634,NA,"Ակսել Բակունցի փողոց 8, Քաջարան","Panels","No","Not available","5","Playground",NA,40,"1","1","from 2.7 m",5,"Not available","Available","Major Renovation",NA,NA
"https://www.list.am/en/item/19147239","USD",138000,NA,"Azatutyan Avenue, Yerevan","Stone","No","Available","10","Intercom entry, playground",NA,72,"3","1","from 2.8 m",10,"Open balcony","By agreement","Euro Renovation",NA,"Yard view, street view, city view"
"https://www.list.am/en/item/19184710","USD",370000,NA,"Aram Street, Yerevan","Monolith","Yes","Available","15","Intercom entry, playground","Outdoor parking",90,"4","1","from 2.8 m",15,"Open balcony","Available","Designer Renovation","Air conditioner, fridge, washing machine","Yard view, street view"
"https://www.list.am/en/item/19982945","USD",175000,NA,"Bryusov Street, Yerevan","Stone","No","Not available","3",NA,NA,85,"3","1","from 3 m",3,"Open balcony","Available","Major Renovation",NA,NA
"https://www.list.am/en/item/18160890","USD",296000,NA,"Նար-Դոսի փողոց 18, Երևան","Stone","No","Not available","5","Intercom entry",NA,120,"5","2","from 3.5 m",5,"Open balcony","Available","Major Renovation","Air conditioner, fridge, stove, dishwasher, washing machine, drying m","Yard view, street view"
"https://www.list.am/en/item/13988455","USD",40000,NA,"Գրիբոեդով փողոց, Սևան","Panels","No","Available","9",NA,NA,80,"3","1","from 2.8 m",9,"Closed balcony","Available","Cosmetic Renovation",NA,NA
"https://www.list.am/en/item/19714691","USD",69000,NA,"Sebastia Street, Yerevan","Stone","No","Not available","5",NA,NA,47,"1","1","from 2.7 m",5,"Not available","Partial Furniture","Major Renovation",NA,NA
"https://www.list.am/en/item/19821169","USD",122000,NA,"Rubiniants street, Yerevan","Panels","No","Available","13","Intercom entry",NA,75,"2","1","from 2.75 m",13,"Closed balcony","Available","Major Renovation",NA,"Yard view"
"https://www.list.am/en/item/19072295","USD",86000,NA,"Zoravar Andranik street, Yerevan","Panels","No","Available","14","Playground","Outdoor parking",83,"3","2","from 2.75 m",14,"Closed balcony","Not available","Partial Renovation",NA,NA
"https://www.list.am/en/item/19544232","USD",86000,NA,"Շիրակի փողոց, Երևան","Monolith","No","Not available","4","Intercom entry","Outdoor parking",70,"3","1","from 3 m",4,"Not available","Available","Major Renovation","Air conditioner, fridge, stove, washing machine",NA
"https://www.list.am/en/item/19715446","USD",99000,NA,"Շինարարների փողոց, Երևան","Monolith","Yes","Not available","3","Intercom entry","Outdoor parking",63,"3","1","from 3 m",3,"Not available","Not available","No Renovation",NA,NA
"https://www.list.am/en/item/14628130","USD",79000,NA,"Arno Babajanian street, Yerevan","Panels","No","Available","9",NA,NA,80,"3","1","from 2.7 m",9,"Not available","Not available","No Renovation",NA,NA
"https://www.list.am/en/item/18816694","USD",120000,NA,"Raffi street, Yerevan","Panels","No","Available","9","Intercom entry, playground","Outdoor parking",85,"3","1","from 2.75 m",9,"Open balcony","By agreement","Designer Renovation",NA,"Yard view, street view, park view"
"https://www.list.am/en/item/19982923","USD",200000,NA,"Գրիբոյեդով փողոց, Երևան","Monolith","Yes","Available","16",NA,NA,70,"3","1","from 3 m",16,"Open balcony","By agreement","Designer Renovation","Air conditioner, fridge, stove, dishwasher, washing machine",NA
"https://www.list.am/en/item/19982922","USD",265000,NA,"Կարապետ Ուլնեցու փողոց, Երևան","Monolith","Yes","Available","15","Intercom entry, concierge, playground","Outdoor parking, covered parking",74,"3","1","from 3 m",15,"Multiple balconies","Available","Designer Renovation","Air conditioner, fridge, stove, dishwasher, washing machine","Street view, city view, view of Ararat"
"https://www.list.am/en/item/16060710","USD",110000,NA,"Микрорайон Норашен, Ереван","Panels","No","Available","16",NA,NA,78,"3","1","from 2.7 m",16,"Open balcony","Not available","Partial Renovation",NA,NA
"https://www.list.am/en/item/19982915","USD",200000,NA,"Այգեստանի 9րդ փողոց, Երևան","Panels","No","Available","16",NA,NA,93,"3","1","from 3 m",16,"Closed balcony","Available","Major Renovation",NA,NA
"https://www.list.am/en/item/19938140","USD",65000,NA,"Avan-Arinj 2nd micro, Yerevan","Panels","No","Available","9",NA,NA,45,"2","1","from 2.8 m",9,"Closed balcony","Partial Furniture","Old Renovation",NA,NA
"https://www.list.am/en/item/16293057","USD",300000,NA,"Paronyan street, Yerevan","Monolith","Yes","Available","15","Intercom entry, concierge",NA,78,"2","2","from 3 m",15,"Open balcony","By agreement","Euro Renovation","Air conditioner, fridge, stove, washing machine","City view, view of Ararat"
"https://www.list.am/en/item/19912630","USD",67000,NA,"Rubiniants street, Yerevan","Cassette","No","Not available","4","Intercom entry","Outdoor parking",38,"1","1","from 2.6 m",4,"Not available","Partial Furniture","Euro Renovation",NA,"Yard view"
"https://www.list.am/en/item/19937092","USD",52000,NA,"Eghishe Tadevosyan Street, Yerevan","Panels","No","Not available","4",NA,NA,36,"1","1","from 2.6 m",4,"Closed balcony","Partial Furniture","Cosmetic Renovation","Fridge, stove, washing machine",NA
"https://www.list.am/en/item/18292145","USD",110000,NA,"Arshakuniats Avenue, Yerevan","Panels","No","Available","10",NA,NA,70,"2","1","from 2.75 m",10,"Multiple balconies","Available","Major Renovation",NA,NA
"https://www.list.am/en/item/19269179","USD",70000,NA,"Chekhov street, Yerevan","Panels","No","Available","10",NA,NA,44,"1","1","from 2.75 m",10,"Closed balcony","By agreement","Old Renovation",NA,NA
"https://www.list.am/en/item/19912549","USD",109000,NA,"Tigran Mets Avenue, Yerevan","Stone","No","Not available","5",NA,NA,65,"2","1","from 2.8 m",5,"Closed balcony","By agreement","Major Renovation",NA,NA
"https://www.list.am/en/item/19351109","USD",89000,NA,"Mayisi 9 street, Yerevan","Stone","No","Not available","3",NA,NA,63,"3","1","from 3 m",3,"Closed balcony","Not available","Major Renovation",NA,NA
"https://www.list.am/en/item/19536253","USD",70000,NA,"Mayisi 9 street, Yerevan","Panels","No","Available","9",NA,NA,48,"1","1","from 2.75 m",9,"Closed balcony","Partial Furniture","Old Renovation",NA,NA
"https://www.list.am/en/item/18384563","USD",150000,NA,"Shinararneri street, Yerevan","Stone","No","Not available","4",NA,NA,78,"4","1","from 2.5 m",4,"Not available","Not available","Euro Renovation",NA,NA
"https://www.list.am/en/item/19681560","USD",58000,NA,"Bagratunyats Avenue, Yerevan","Stone","No","Not available","5",NA,NA,30,"1","1","from 2.75 m",5,"Open balcony","By agreement","Major Renovation","Air conditioner",NA
"https://www.list.am/en/item/19625311","USD",120000,NA,"Garegin Nzhdeh Street, Yerevan","Stone","No","Not available","3","Intercom entry, playground",NA,78,"3","1","from 3 m",3,"Multiple balconies","Partial Furniture","Major Renovation","Fridge, stove, washing machine","Yard view, street view"
"https://www.list.am/en/item/18693289","USD",220000,NA,"Արշակունյաց պողոտա 18/4, Երևան","Monolith","Yes","Available","17","Intercom entry, concierge, playground",NA,88,"3","1","from 3 m",17,"Open balcony","Not available","Partial Renovation",NA,NA
"https://www.list.am/en/item/19625686","USD",53000,NA,"Yeghbayrutyan Street, Yerevan","Stone","No","Not available","4",NA,NA,34,"1","1","from 2.6 m",4,"Open balcony","Not available","No Renovation",NA,NA
"https://www.list.am/en/item/19230500","USD",98000,NA,"Bagratunyats Avenue, Yerevan","Stone","No","Not available","5",NA,NA,73,"3","1","from 2.75 m",5,"Closed balcony","Not available","Old Renovation",NA,NA
"https://www.list.am/en/item/19266563","USD",120000,NA,"Arshakuniats Avenue, Yerevan","Panels","No","Available","5","Intercom entry",NA,87,"3","2","from 2.7 m",5,"Not available","Available","Major Renovation",NA,NA
"https://www.list.am/en/item/19565937","USD",95000,NA,"Mayisi 9 street, Երևան","Panels","No","Available","14",NA,NA,82,"3","1","from 2.75 m",14,"Closed balcony","By agreement","Cosmetic Renovation",NA,NA
"https://www.list.am/en/item/17700011","USD",52000,NA,"Antarayin 1st blok 10, Tsaghkadzor","Monolith","Yes","Available","14",NA,NA,31,"1","1","from 3 m",14,"Open balcony","Not available","Euro Renovation",NA,NA
"https://www.list.am/en/item/19248951","USD",80000,NA,"2-й переулок улицы Фучика 7, Ереван","Stone","No","Not available","4","Playground",NA,54,"2","1","from 2.8 m",4,"Not available","Available","Cosmetic Renovation",NA,"Yard view, view of Ararat"
"https://www.list.am/en/item/19593019","USD",170000,NA,"Լենինգրադյան փողոց, Երևան","Monolith","Yes","Available","6","Intercom entry, playground","Outdoor parking",74,"3","1","from 3.2 m",6,"Open balcony","Available","Designer Renovation","Air conditioner, fridge, stove, dishwasher, washing machine","Yard view, city view, view of Ararat"
"https://www.list.am/en/item/19908502","USD",122000,NA,"Rubiniants street, Yerevan","Panels","No","Available","14","Playground","Outdoor parking",75,"3","1","from 2.8 m",14,"Multiple balconies","Available","Designer Renovation","Fridge, stove, washing machine","Yard view, street view, park view"
"https://www.list.am/en/item/19308064","USD",130000,NA,"Mazmanyan Street, Yerevan","Panels","No","Available","9","Intercom entry, playground","Outdoor parking, covered parking, garage",102,"4","1","from 2.8 m",9,"Open balcony","Available","Designer Renovation","Air conditioner, fridge, stove, dishwasher, washing machine, drying m","Yard view, street view, city view, park view, view of Ararat"
"https://www.list.am/en/item/19969180","USD",110000,NA,"Avan-Arinj 2nd micro, Yerevan","Panels","No","Not available","5","Playground","Outdoor parking",87,"3","1","from 2.8 m",5,"Open balcony","By agreement","Designer Renovation","Air conditioner, fridge, stove, washing machine","Yard view, street view, city view"
"https://www.list.am/en/item/19982858","AMD",383764,NA,"Komitas Avenue, Yerevan","Monolith","Yes","Available","17","Intercom entry, concierge","Outdoor parking, covered parking",96,"3","2","from 3 m",17,"Open balcony","Available","Euro Renovation","Air conditioner, fridge, stove, dishwasher, washing machine","Yard view"
"https://www.list.am/en/item/18311948","USD",13000,NA,"Viktor Hambartsumyan street 8, Vanadzor","Panels","No","Not available","9",NA,NA,87,"4","1","from 2.8 m",9,"Open balcony","Not available","No Renovation",NA,NA
"https://www.list.am/en/item/19430527","USD",85000,NA,"Vagharsh Vagharshyan street 19, Yerevan","Stone","No","Not available","5",NA,NA,31,"1","1","from 2.6 m",5,"Open balcony","Available","Partial Renovation",NA,NA
"https://www.list.am/en/item/18870389",NA,NA,NA,"Улица Арапнья, ВАНАДЗОР","Panels","No","Not available","6",NA,NA,62,"2","1","from 2.8 m",6,"Open balcony","Partial Furniture","Old Renovation",NA,NA
"https://www.list.am/en/item/19116664","AMD",35783,NA,"Avetik Isahakyan Street, Vanadzor","Stone","No","Not available","5",NA,NA,58,"2","1","from 2.75 m",5,"Closed balcony","Not available","Euro Renovation",NA,NA
"https://www.list.am/en/item/18952242","AMD",466740,NA,"Улица Верин Антараин 186/11, Ереван","Monolith","Yes","Available","7","Intercom entry, concierge, playground","Outdoor parking",144,"4","2","from 3 m",7,"Not available","Available","Major Renovation","Air conditioner, fridge, stove, dishwasher, washing machine","Yard view, street view, city view"
"https://www.list.am/en/item/19456282","USD",7900000,NA,"International › Russia","Monolith","Yes","Available","9","Intercom entry, concierge, playground","Outdoor parking, covered parking",714,"8+","3+","from 3.2 m",9,"Multiple balconies","Not available","No Renovation",NA,"Yard view, street view, city view, park view"
"https://www.list.am/en/item/18842819",NA,NA,NA,"Yerevan › Shengavit",NA,NA,NA,NA,NA,NA,NA,NA,NA,NA,NA,NA,NA,NA,NA,NA
"https://www.list.am/en/item/19049354","USD",155000,NA,"Զորավար Անդրանիկի փողոց, Yerevan","Monolith","No","Available","14",NA,"Garage",119,"4","2","from 2.75 m",14,"Closed balcony","Partial Furniture","Major Renovation","Air conditioner",NA
"https://www.list.am/en/item/19605825","USD",160000,NA,"Bryusov Street, Yerevan","Panels","No","Available","16","Intercom entry, playground","Outdoor parking",96,"3","1","from 2.8 m",16,"Closed balcony","Available","Major Renovation","Stove, washing machine","Yard view, street view, city view"
"https://www.list.am/en/item/19982771","USD",350000,NA,"Komitas Avenue, Yerevan","Monolith","Yes","Available","16","Intercom entry, concierge","Outdoor parking, covered parking",106,"3","1","from 3 m",16,"Open balcony","Available","Designer Renovation","Air conditioner, fridge, stove, dishwasher, washing machine, drying m","Street view, city view"
"https://www.list.am/en/item/19858663","USD",125000,NA,"Khaghag Don street, Yerevan","Panels","No","Available","9","Intercom entry","Garage",80,"3","1","from 2.7 m",9,"Closed balcony","Available","Euro Renovation","Air conditioner, fridge, stove, dishwasher, washing machine",NA
"https://www.list.am/en/item/19810644","USD",35900,NA,"Norashen District 15, Yerevan","Panels","No","Available","16","Intercom entry, playground","Outdoor parking",27,"2","1","from 2.75 m",16,"Not available","Not available","Major Renovation",NA,"Yard view, street view"
"https://www.list.am/en/item/18353346","USD",159500,NA,"Անաստաս Միկոյան փողոց 64/2, Երևան","Monolith","Yes","Available","18","Intercom entry, concierge, playground","Outdoor parking",110,"3","2","from 3 m",18,"Multiple balconies","Not available","Partial Renovation",NA,"Yard view, city view, park view, view of Ararat"
"https://www.list.am/en/item/19291322","AMD",122792,NA,"Արամ Խաչատրյան փողոց 32, Երևան","Stone","No","Not available","5","Intercom entry","Outdoor parking",66,"2","1","from 2.8 m",5,"Open balcony","Partial Furniture","Cosmetic Renovation","Air conditioner","Yard view, street view, view of Ararat"
"https://www.list.am/en/item/19952474","USD",65000,NA,"Chekhov street, Yerevan","Panels","No","Available","10",NA,NA,41,"1","1","from 2.75 m",10,"Closed balcony","Available","Major Renovation",NA,NA
"https://www.list.am/en/item/19964327","USD",78000,NA,"Artashisyan street, Yerevan","Stone","No","Not available","5",NA,NA,73,"3","1","from 2.75 m",5,"Multiple balconies","Available","Cosmetic Renovation",NA,NA
"https://www.list.am/en/item/19948259","USD",135000,NA,"Tumanyan street, Yerevan","Panels","No","Available","13","Playground","Outdoor parking",52,"1","1","from 2.75 m",13,"Not available","Not available","Old Renovation",NA,"Yard view, city view, park view, view of Ararat"
"https://www.list.am/en/item/19441887","USD",143000,NA,"Mesrop Mashtots Avenue, Yerevan","Stone","No","Not available","4",NA,NA,40,"1","1","from 3 m",4,"Open balcony","Not available","Cosmetic Renovation",NA,NA
"https://www.list.am/en/item/19934452","USD",77000,NA,"Վիլնյուսի փողոց, Երևան","Panels","No","Available","9",NA,NA,90,"4","1","from 2.8 m",9,"Multiple balconies","Not available","Old Renovation",NA,NA
"https://www.list.am/en/item/18142257","USD",142000,NA,"Rubinyants St, Yerevan","Panels","No","Available","13","Intercom entry, playground","Outdoor parking",92,"3","1","from 2.75 m",13,"Multiple balconies","Available","Major Renovation","Fridge, stove, washing machine","Street view, city view, park view, view of Ararat"
"https://www.list.am/en/item/18775647","AMD",49267,NA,"Խաղաղության փողոց, Սևան","Stone","No","Not available","5","Playground","Outdoor parking",100,"4","1","from 3.2 m",5,"Multiple balconies","Available","Euro Renovation","Air conditioner, fridge, washing machine","Yard view, street view"
"https://www.list.am/en/item/19243598","USD",51000,NA,"Kentron block 32, Hrazdan","Panels","No","Available","9",NA,NA,78,"3","1","from 2.8 m",9,"Closed balcony","Partial Furniture","Major Renovation",NA,NA
"https://www.list.am/en/item/19238319","USD",40000,NA,"Կենտրոն թաղամաս 30, Հրազդան","Panels","No","Available","9",NA,NA,78,"3","1","from 2.8 m",9,"Closed balcony","Not available","Cosmetic Renovation",NA,NA
"https://www.list.am/en/item/19849169","USD",52000,NA,"Yerevan › Shengavit","Stone","No","Not available","5","Playground","Outdoor parking",31,"1","1","from 2.75 m",5,"Not available","Available","Old Renovation","Fridge, stove","Street view"
"https://www.list.am/en/item/15732414","USD",33000,NA,"Eghegnut Roadway 7, Zartonk","Stone","No","Not available","2",NA,NA,250,"5","1","from 3.5 m",2,"Closed balcony","Available","Partial Renovation",NA,NA
"https://www.list.am/en/item/19982755","USD",16500,NA,"Cherkasy street, Vanadzor","Monolith","No","Not available","5",NA,NA,47,"2","1","from 2.7 m",5,"Closed balcony","Partial Furniture","Designer Renovation",NA,NA
"https://www.list.am/en/item/19399465","USD",33000,NA,"Araratyan street 76, Yerevan","Stone","No","Not available","5",NA,"Outdoor parking",36,"2","1","from 3 m",5,"Not available","Available","Old Renovation",NA,NA
"https://www.list.am/en/item/19059650","USD",58000,NA,"Kotayk › Tsakhkadzor","Monolith","Yes","Available","8","Concierge, playground","Outdoor parking, covered parking",47,"2","1","from 2.8 m",8,"Open balcony","Available","Euro Renovation","Fridge, stove, washing machine","Yard view"
"https://www.list.am/en/item/19507570","USD",205000,NA,"Nalbandyan street 29, Yerevan","Stone","No","Not available","5","Intercom entry","Outdoor parking",70,"2","1","from 3 m",5,"Multiple balconies","Not available","Old Renovation",NA,"Yard view, street view"
"https://www.list.am/en/item/19479363","USD",160000,NA,"Դավթաշենի 3-րդ զանգված, Երևան","Panels","No","Available","14","Intercom entry, playground","Outdoor parking",80,"3","1","from 3 m",14,"Not available","Available","Major Renovation","Air conditioner, fridge, stove, dishwasher, washing machine, drying m","Yard view, street view, city view, park view, view of Ararat"
"https://www.list.am/en/item/18418623","USD",105000,NA,"Antarayin 1st blok, Tsaghkadzor","Monolith","Yes","Available","12",NA,NA,62,"2","1","from 3 m",12,"Open balcony","Available","Euro Renovation",NA,NA
"https://www.list.am/en/item/19917177","USD",420000,NA,"Улица Мартироса Сарьяна, Ереван","Monolith","Yes","Available","10","Intercom entry","Outdoor parking",99,"3","1","from 3 m",10,"Closed balcony","Available","Cosmetic Renovation","Air conditioner","Yard view, street view"
"https://www.list.am/en/item/19863800","USD",55000,NA,"International › Ukraine","Monolith","Yes","Available","16","Intercom entry, concierge, playground","Outdoor parking",37,"2","1","from 2.8 m",16,"Open balcony","Available","Euro Renovation","Air conditioner, fridge, stove, dishwasher, washing machine, drying m","Street view"
"https://www.list.am/en/item/19982747","USD",178000,NA,"Mamikonyants street, Yerevan","Stone","No","Not available","5","Intercom entry",NA,76,"3","1","from 2.75 m",5,"Open balcony","Available","Major Renovation","Fridge, stove, washing machine","Yard view, street view"
"https://www.list.am/en/item/19883950","USD",124000,NA,"Проспект Аршакуняц, Yerevan","Monolith","Yes","Available","4","Intercom entry","Outdoor parking",60,"3","1","from 2.8 m",4,"Not available","By agreement","Major Renovation","Air conditioner",NA
"https://www.list.am/en/item/18102564","USD",35550,NA,"Միքայել Նալբանդյանի փողոց 43, Սևան","Stone","No","Not available","5",NA,NA,47,"1","1","from 3 m",5,"Not available","Available","Old Renovation",NA,"Yard view, street view, city view"
"https://www.list.am/en/item/19802301","USD",450000,NA,"Verin Antarayin street, Yerevan","Monolith","Yes","Available","7","Intercom entry",NA,93,"2","2","from 3 m",7,"Multiple balconies","Available","Major Renovation","Air conditioner, fridge, stove, dishwasher, washing machine","Yard view, city view, view of Ararat"
"https://www.list.am/en/item/19611311","USD",99000,NA,"Микрорайон Норашен 5, Ереван","Monolith","Yes","Available","13","Intercom entry, playground","Outdoor parking",47,"2","1","from 2.8 m",13,"Not available","Available","Major Renovation","Fridge, stove, washing machine","Street view, city view, view of Ararat"
"https://www.list.am/en/item/19611333","AMD",95941,NA,"Микрорайон Норашен 5, Ереван","Monolith","Yes","Available","13","Intercom entry, playground","Outdoor parking",61,"2","1","from 2.8 m",13,"Not available","Available","Major Renovation","Air conditioner, fridge, stove, dishwasher, washing machine","Yard view"
"https://www.list.am/en/item/19197056",NA,NA,NA,"Օգոստոսի 23 փողոց, Արտաշատ","Stone","Yes","Not available","5","Playground","Outdoor parking",120,"3","1","from 2.75 m",5,"Multiple balconies","Partial Furniture","Old Renovation",NA,"Yard view, city view, park view, view of Ararat"
"https://www.list.am/en/item/18331833","USD",58000,NA,"Zoravar Andranik street, Yerevan","Panels","No","Available","9",NA,NA,48,"1","1","from 2.75 m",9,"Closed balcony","Not available","Old Renovation",NA,NA
"https://www.list.am/en/item/19111153","USD",135000,NA,"Հրաչյա Քոչար փողոց 1-ին նրբանցք 9, Երևան","Stone","No","Not available","2","Playground","Outdoor parking",105,"3","1","from 2.8 m",2,"Open balcony","Partial Furniture","Old Renovation",NA,"Yard view, street view, park view, view of Ararat"
"https://www.list.am/en/item/19651873","USD",20000,NA,"Noragavit 13th Street, Yerevan","Stone","No","Not available","2",NA,"Outdoor parking, garage",43,"2","1","from 2.8 m",2,"Open balcony","Not available","No Renovation",NA,"Yard view, street view, view of Ararat"
"https://www.list.am/en/item/19721045","USD",300000,NA,"Amiryan Street, Yerevan","Monolith","No","Available","14","Intercom entry","Outdoor parking",125,"4","2","from 2.75 m",14,"Multiple balconies","Not available","Old Renovation",NA,"Street view"
"https://www.list.am/en/item/19334747","USD",62000,NA,"Տիգրան Մեծի պողոտա, Yerevan","Stone","No","Not available","3",NA,"Outdoor parking",30,"1","1","from 2.7 m",3,"Open balcony","Not available","Partial Renovation",NA,"Street view"
"https://www.list.am/en/item/19840809","USD",38000,NA,"Այգեգործների փողոց, Մերձավան","Stone","No","Not available","5",NA,NA,50,"2","1","from 2.75 m",5,"Closed balcony","Not available","No Renovation",NA,"Yard view"
"https://www.list.am/en/item/19228180","USD",110000,NA,"Զորավար Անդրանիկ փողոց 79, Երևան","Panels","No","Available","9","Intercom entry",NA,96,"3","1","from 2.7 m",9,"Multiple balconies","Available","Old Renovation","Stove","Yard view, street view"
"https://www.list.am/en/item/19544435","USD",125000,NA,"Kurghinyan street 1, Yerevan","Stone","No","Not available","5","Intercom entry","Outdoor parking",125,"4","1","from 2.8 m",5,"Closed balcony","Partial Furniture","Major Renovation","Fridge, stove, washing machine","Yard view, street view"
"https://www.list.am/en/item/19652324","AMD",440810,NA,"Hanrapetutyun street 78, Yerevan","Stone","No","Not available","3",NA,"Covered parking",110,"3","1","from 3.2 m",3,"Multiple balconies","Available","Major Renovation",NA,"Yard view, street view"
"https://www.list.am/en/item/19075625","USD",115000,NA,"Zoravar Andranik street, Yerevan","Panels","No","Available","14","Playground",NA,110,"4","1","from 2.75 m",14,"Multiple balconies","Not available","Partial Renovation",NA,"Yard view, street view, city view, view of Ararat"
"https://www.list.am/en/item/19637347","USD",60000,NA,"Duryan Street 12, Artaxata (Artashat)","Panels","No","Not available","5",NA,"Outdoor parking",70,"2","1","from 2.5 m",5,"Closed balcony","Partial Furniture","Partial Renovation","Fridge, stove, washing machine","Yard view, city view, view of Ararat"
"https://www.list.am/en/item/19832045","USD",285000,NA,"Mesrop Mashtots Avenue, Yerevan","Stone","No","Not available","4","Intercom entry, playground","Outdoor parking, garage",86,"3","1","from 3 m",4,"Not available","By agreement","Major Renovation",NA,"Yard view"
"https://www.list.am/en/item/18940558","USD",140000,NA,"Sebastia St 8, Երևան","Stone","No","Not available","5",NA,NA,80,"3","1","from 2.75 m",5,"Open balcony","Not available","Major Renovation",NA,NA
"https://www.list.am/en/item/19657196","USD",33000,NA,"1district, Metsamor","Panels","No","Not available","5",NA,"Outdoor parking",60,"2","1","from 2.7 m",5,"Closed balcony","Not available","Partial Renovation",NA,"Yard view"
"https://www.list.am/en/item/19914933","USD",65000,NA,"Bagratunyats Avenue, Երևան","Monolith","No","Not available","4","Playground","Outdoor parking",30,"2","1","from 2.7 m",4,"Open balcony","By agreement","Euro Renovation","Air conditioner, fridge, stove, washing machine","Yard view"
"https://www.list.am/en/item/19477140","USD",120000,NA,"Улица Гюльбенкяна, Ереван","Stone","No","Not available","5",NA,NA,65,"2","1","from 2.75 m",5,"Not available","Partial Furniture","Partial Renovation",NA,"Yard view"
"https://www.list.am/en/item/19430140","AMD",110980,NA,"21-я улица Арабкир 28, Ереван","Monolith","Yes","Available","8",NA,NA,43,"2","1","from 2.8 m",8,"Open balcony","Not available","No Renovation",NA,NA
"https://www.list.am/en/item/19952852","USD",100000,NA,"Զաքարիա Քանաքեռցու փողոց, Երևան","Panels","No","Available","16","Intercom entry, playground",NA,85,"3","1","from 2.75 m",16,"Open balcony","By agreement","Major Renovation",NA,NA
"https://www.list.am/en/item/18033499","AMD",199661,NA,"Կիևյան փողոցի 1-ին նրբանցք 3, Երևան","Stone","No","Not available","5",NA,NA,110,"4","1","from 2.7 m",5,"Multiple balconies","Not available","Old Renovation",NA,NA
"https://www.list.am/en/item/18949345","AMD",38895,NA,"Chekhov street, Yerevan","Stone","No","Not available","3",NA,NA,25,"1","1","from 3 m",3,"Not available","Partial Furniture","Cosmetic Renovation",NA,NA
"https://www.list.am/en/item/19288479","USD",95000,NA,"Zoravar Andranik street, Yerevan","Panels","No","Available","14",NA,NA,80,"3","1","from 2.75 m",14,"Closed balcony","By agreement","Major Renovation",NA,NA
"https://www.list.am/en/item/19811631","USD",78000,NA,"Օհանովի փողոց, Երևան","Panels","No","Available","14",NA,NA,67,"2","1","from 2.75 m",14,"Closed balcony","By agreement","Partial Renovation",NA,NA
"https://www.list.am/en/item/19760022","USD",92000,NA,"Առնո Բաբաջանյան փողոց, Երևան","Panels","No","Available","9",NA,NA,74,"3","1","from 2.75 m",9,"Closed balcony","Available","Major Renovation",NA,NA
"https://www.list.am/en/item/19459042","USD",86000,NA,"Ադմիրալ Իսակովի պողոտա, Երևան","Panels","No","Available","9",NA,NA,67,"2","1","from 2.75 m",9,"Not available","Available","Major Renovation",NA,NA
"https://www.list.am/en/item/19547813","USD",54000,NA,"Mikayelyan street, Yerevan","Panels","Yes","Available","9",NA,NA,42,"1","1","from 2.75 m",9,"Not available","By agreement","No Renovation",NA,NA
"https://www.list.am/en/item/19811633","USD",85000,NA,"Arno Babajanian street, Yerevan","Panels","No","Available","9",NA,NA,67,"2","1","from 2.75 m",9,"Not available","By agreement","Major Renovation",NA,NA
"https://www.list.am/en/item/19666939","USD",69000,NA,"Arno Babajanian street, Yerevan","Panels","No","Available","9",NA,NA,62,"2","1","from 2.75 m",9,"Closed balcony","Not available","No Renovation",NA,NA
"https://www.list.am/en/item/19683862","USD",44000,NA,"Raffi street 111, Yerevan","Stone","No","Not available","3",NA,NA,37,"1","1","from 2.75 m",3,"Closed balcony","By agreement","Major Renovation",NA,NA
"https://www.list.am/en/item/19486325","USD",87000,NA,"Arno Babajanian street, Yerevan","Panels","No","Available","9",NA,NA,67,"2","1","from 2.75 m",9,"Not available","Available","Designer Renovation",NA,NA
"https://www.list.am/en/item/19351442","USD",85000,NA,"Սեբաստիայի փողոց, Երևան","Stone","No","Not available","5",NA,NA,74,"3","1","from 2.75 m",5,"Closed balcony","By agreement","Major Renovation",NA,NA
"https://www.list.am/en/item/19683744","USD",70000,NA,"Ադմիրալ Իսակովի պողոտա, Երևան","Panels","No","Available","9",NA,NA,44,"1","1","from 2.75 m",9,"Not available","Available","Major Renovation",NA,NA
"https://www.list.am/en/item/19931996","USD",90000,NA,"B2 DISTRICT, Երևան","Panels","No","Available","9",NA,NA,67,"2","1","from 2.75 m",9,"Closed balcony","By agreement","Major Renovation",NA,NA
"https://www.list.am/en/item/19932149","USD",63000,NA,"Սեբաստիայի փողոց, Երևան","Panels","No","Available","9",NA,NA,43,"1","1","from 2.75 m",9,"Closed balcony","Not available","No Renovation",NA,NA
"https://www.list.am/en/item/19760014","USD",82000,NA,"Arno Babajanian street, Yerevan","Panels","No","Available","9",NA,NA,74,"3","1","from 2.75 m",9,"Not available","Available","Major Renovation",NA,NA
"https://www.list.am/en/item/19603681","USD",85000,NA,"Svachyan street, Yerevan","Panels","No","Available","9",NA,NA,67,"2","1","from 2.75 m",9,"Closed balcony","Partial Furniture","Major Renovation",NA,NA
"https://www.list.am/en/item/19249873","USD",98000,NA,"Սեբաստիայի փողոց, Երևան","Panels","No","Available","9",NA,NA,97,"3","1","from 2.75 m",9,"Open balcony","By agreement","Old Renovation",NA,NA
"https://www.list.am/en/item/19932269","USD",90000,NA,"Raffi street, Yerevan","Panels","No","Available","10",NA,NA,65,"2","1","from 2.75 m",10,"Multiple balconies","By agreement","Partial Renovation",NA,NA
"https://www.list.am/en/item/19932216","USD",120000,NA,"Arno Babajanian street, Yerevan","Panels","No","Available","9",NA,NA,74,"3","1","from 2.75 m",9,"Open balcony","Available","Major Renovation",NA,NA
"https://www.list.am/en/item/19927330","USD",56000,NA,"Sebastia Street, Yerevan","Stone","No","Not available","5",NA,NA,50,"1","1","from 2.75 m",5,"Closed balcony","By agreement","Old Renovation",NA,NA
"https://www.list.am/en/item/19927268","USD",72000,NA,"Օհանովի փողոց, Երևան","Panels","No","Available","9",NA,NA,48,"1","1","from 2.75 m",9,"Closed balcony","Partial Furniture","Partial Renovation",NA,NA
"https://www.list.am/en/item/19932118","USD",69000,NA,"Սեբաստիայի փողոց, Երևան","Stone","No","Not available","5",NA,NA,46,"2","1","from 2.75 m",5,"Not available","By agreement","Major Renovation",NA,NA
"https://www.list.am/en/item/19927333","USD",85000,NA,"B2 DISTRICT, Երևան","Panels","No","Available","9",NA,NA,80,"3","1","from 2.75 m",9,"Multiple balconies","By agreement","Partial Renovation",NA,NA
"https://www.list.am/en/item/19811626","USD",90000,NA,"Թբիլիսյան խճուղի, Երևան","Panels","No","Available","14",NA,NA,80,"3","1","from 2.8 m",14,"Closed balcony","By agreement","Major Renovation",NA,NA
"https://www.list.am/en/item/18760265",NA,NA,NA,"Victor Hambardzumyan Street 97, Yerevan","Monolith","No","Available","10",NA,"Outdoor parking",45,"2","1","from 2.8 m",10,"Not available","Available","Designer Renovation","Fridge, washing machine","Yard view"
"https://www.list.am/en/item/19599317","USD",99000,NA,"Azatutyan Avenue, Yerevan","Panels","No","Available","9","Intercom entry, playground","Outdoor parking",65,"2","1","from 2.8 m",9,"Closed balcony","Available","Cosmetic Renovation","Fridge, stove, washing machine","Yard view, street view, park view"
"https://www.list.am/en/item/19864623","USD",135000,NA,"Նիկողայոս Ադոնցի փողոց, Երևան","Monolith","Yes","Available","14","Intercom entry, concierge, playground","Outdoor parking",60,"2","1","from 3 m",14,"Open balcony","Not available","Partial Renovation",NA,"Yard view, street view, park view"
"https://www.list.am/en/item/19738378","USD",63000,NA,"David Anhaght street, Yerevan","Stone","No","Not available","4","Playground","Outdoor parking",32,"1","1","from 2.7 m",4,"Open balcony","Not available","No Renovation",NA,"Street view"
"https://www.list.am/en/item/18981834",NA,NA,NA,"Թբիլիսյան խճուղի, Երևան","Monolith","Yes","Available","5","Intercom entry, playground","Outdoor parking",45,"2","1","from 3 m",5,"Not available","Not available","No Renovation",NA,NA
"https://www.list.am/en/item/18893850","USD",93000,NA,"Malatia street, Yerevan","Panels","No","Available","9","Intercom entry, playground","Outdoor parking",67,"3","2","from 2.75 m",9,"Closed balcony","Not available","Major Renovation",NA,"Yard view, street view"
"https://www.list.am/en/item/19904708","USD",85000,NA,"Mazmanyan Street, Yerevan","Panels","No","Available","14","Intercom entry, playground","Outdoor parking",76,"2","2","from 2.75 m",14,"Multiple balconies","Not available","Cosmetic Renovation",NA,"Yard view, street view"
"https://www.list.am/en/item/19883780","USD",110000,NA,"Zoravar Andranik street, Yerevan","Panels","No","Available","14","Intercom entry, playground","Outdoor parking",85,"3","1","from 2.75 m",14,"Not available","Not available","Major Renovation",NA,"Yard view"
"https://www.list.am/en/item/19175551","USD",73000,NA,"Zoravar Andranik street, Yerevan","Panels","No","Available","14","Intercom entry, playground","Outdoor parking",65,"2","2","from 2.75 m",14,"Closed balcony","Not available","Old Renovation",NA,"Yard view, street view"
"https://www.list.am/en/item/19057893","USD",120000,NA,"Ohanov Street, Երևան","Stone","No","Not available","5",NA,NA,100,"4","1","from 2.75 m",5,"Multiple balconies","Available","Euro Renovation","Air conditioner",NA
"https://www.list.am/en/item/18578460","USD",120000,NA,"Zoravar Andranik street, Yerevan","Panels","No","Available","14","Playground","Outdoor parking",83,"3","2","from 2.75 m",14,"Closed balcony","Not available","Major Renovation","Fridge, stove, washing machine","Yard view, park view"
"https://www.list.am/en/item/18932386","USD",90000,NA,"Yerevan › Malatia-Sebastia","Panels","No","Available","14","Playground","Outdoor parking",68,"2","2","from 2.75 m",14,"Closed balcony","Not available","Major Renovation",NA,"Yard view, street view"
"https://www.list.am/en/item/19043665","USD",145000,NA,"Yerevan › Malatia-Sebastia","Panels","No","Available","14","Playground","Outdoor parking",92,"3","2","from 2.75 m",14,"Multiple balconies","Not available","Major Renovation","Air conditioner, fridge, stove, washing machine","Yard view, street view"
"https://www.list.am/en/item/19199298","USD",88000,NA,"Malatia street, Yerevan","Panels","No","Available","9",NA,NA,82,"3","2","from 2.75 m",9,"Closed balcony","Not available","Old Renovation",NA,"Yard view, street view"
"https://www.list.am/en/item/19118867","AMD",127057,NA,"Svachyan street, Yerevan","Panels","No","Available","9","Playground","Outdoor parking",90,"4","2","from 2.75 m",9,"Closed balcony","Available","Major Renovation","Air conditioner, fridge, stove, washing machine","Yard view, street view"
"https://www.list.am/en/item/18948511","USD",106000,NA,"Zoravar Andranik street, Yerevan","Panels","No","Available","14","Intercom entry, playground","Outdoor parking",85,"3","2","from 2.75 m",14,"Closed balcony","Not available","Euro Renovation",NA,"Yard view, street view, view of Ararat"
"https://www.list.am/en/item/18569504","USD",130000,NA,"Րաֆֆու փողոց, Երևան","Panels","No","Available","14","Intercom entry, playground","Outdoor parking",92,"3","2","from 2.75 m",14,"Closed balcony","Available","Designer Renovation","Air conditioner, fridge, stove, dishwasher, washing machine, drying m","Yard view, street view, park view"
"https://www.list.am/en/item/19082540","USD",120000,NA,"B2 DISTRICT, Yerevan","Panels","No","Available","9","Intercom entry, playground","Outdoor parking, garage",100,"3","2","from 2.75 m",9,"Open balcony","Not available","Euro Renovation","Air conditioner, fridge, stove, washing machine","Yard view, street view"
"https://www.list.am/en/item/18893832","USD",102000,NA,"Svachyan street, Yerevan","Panels","No","Available","9",NA,"Outdoor parking, garage",85,"3","2","from 2.75 m",9,"Closed balcony","Not available","Old Renovation",NA,"Yard view, street view, park view"
"https://www.list.am/en/item/18569063","USD",130000,NA,"Malatia street, Yerevan","Panels","No","Available","9","Intercom entry, playground","Outdoor parking",75,"3","2","from 2.75 m",9,"Closed balcony","Available","Major Renovation","Fridge, stove, washing machine","Yard view, park view"
"https://www.list.am/en/item/18963487","USD",90000,NA,"Malatia street, Yerevan","Panels","No","Available","9","Playground","Outdoor parking",68,"3","2","from 2.75 m",9,"Closed balcony","Not available","Euro Renovation",NA,"Yard view"
"https://www.list.am/en/item/19768158","USD",95000,NA,"Malatia street, Yerevan","Panels","No","Available","14","Intercom entry, playground","Outdoor parking",81,"3","2","from 2.75 m",14,"Closed balcony","Available","Euro Renovation",NA,"Yard view, street view"
"https://www.list.am/en/item/19029269","USD",95000,NA,"Yerevan › Malatia-Sebastia","Panels","No","Available","9","Playground","Outdoor parking",67,"2","1","from 2.75 m",9,"Closed balcony","Partial Furniture","Euro Renovation",NA,"Yard view, street view"
"https://www.list.am/en/item/19114411","USD",95000,NA,"Մալաթիայի փողոց, Երևան","Panels","No","Available","9","Intercom entry, playground","Outdoor parking",71,"3","2","from 2.75 m",9,"Closed balcony","Partial Furniture","Euro Renovation",NA,"Yard view, street view"
"https://www.list.am/en/item/18926582","USD",110000,NA,"Yerevan › Malatia-Sebastia","Panels","No","Available","9",NA,"Outdoor parking, covered parking, garage",90,"3","1","from 2.75 m",9,"Multiple balconies","Not available","Cosmetic Renovation",NA,"Yard view, street view, park view"
"https://www.list.am/en/item/18893879","USD",120000,NA,"Zoravar Andranik street, Yerevan","Panels","No","Available","9","Intercom entry, playground","Outdoor parking",85,"4","2","from 2.75 m",9,"Closed balcony","Available","Euro Renovation",NA,"Yard view, street view, park view"
"https://www.list.am/en/item/19860296","USD",130000,NA,"Zoravar Andranik street, Yerevan","Panels","No","Available","14","Intercom entry, playground","Outdoor parking",85,"3","2","from 2.75 m",14,"Multiple balconies","Available","Euro Renovation","Air conditioner, fridge, stove, washing machine","Yard view, street view"
"https://www.list.am/en/item/18837284","USD",115000,NA,"Օհանովի փողոց, Երևան","Panels","No","Available","9","Intercom entry","Outdoor parking",90,"4","2","from 2.75 m",9,"Closed balcony","By agreement","Major Renovation",NA,"Yard view, street view"
"https://www.list.am/en/item/18821605","USD",72500,NA,"Gusan Sheram Street, Yerevan","Panels","No","Available","9",NA,NA,67,"2","2","from 2.75 m",9,"Closed balcony","Partial Furniture","Euro Renovation",NA,"Yard view, street view"
"https://www.list.am/en/item/19093397","USD",110000,NA,"Zoravar Andranik street, Yerevan","Panels","No","Available","14",NA,NA,85,"3","2","from 2.75 m",14,"Closed balcony","Available","Euro Renovation",NA,NA
"https://www.list.am/en/item/19108181","USD",77000,NA,"Առնո Բաբաջանյան փողոց, Երևան","Panels","Yes","Available","10","Intercom entry, playground","Outdoor parking",67,"2","1","from 2.75 m",10,"Closed balcony","Not available","Euro Renovation",NA,NA
"https://www.list.am/en/item/19128154","USD",90000,NA,"Մալաթիայի փողոց, Երևան","Panels","No","Available","9","Playground","Outdoor parking",85,"4","1","from 2.75 m",9,"Closed balcony","Not available","Old Renovation",NA,"Yard view, street view"
"https://www.list.am/en/item/19898648","USD",215000,NA,"Arabkir 27th Street, Yerevan","Monolith","Yes","Available","17","Intercom entry, concierge, playground","Covered parking, garage",59,"3","1","from 3 m",17,"Open balcony","Available","Major Renovation","Air conditioner, fridge, washing machine","Yard view"
